{"$type":"KaVE.Commons.Model.Events.VisualStudio.IDEStateEvent, KaVE.Commons","IDELifecyclePhase":0,"OpenWindows":["0Win:vsWindowTypeToolWindow Compiler Optimization Report","0Win:vsWindowTypeToolWindow Compiler Inline Report","0Win:vsWindowTypeProperties Properties","0Win:vsWindowTypeSolutionExplorer Solution Explorer"],"OpenDocuments":[],"IDESessionUUID":"8f80a55a-0eb6-4ff7-ac07-303dc1214f63","KaVEVersion":"0.1015-Default","TriggeredAt":"2017-02-23T18:11:48.745426+03:00","TriggeredBy":0,"Duration":"00:00:00","ActiveWindow":"0Win:vsWindowTypeMainWindow Project1 - Microsoft Visual Studio"}