{"$type":"KaVE.Commons.Model.Events.VisualStudio.BuildEvent, KaVE.Commons","Scope":"vsBuildScopeProject","Action":"vsBuildActionBuild","Targets":[{"$type":"KaVE.Commons.Model.Events.VisualStudio.BuildTarget, KaVE.Commons","Project":"Project1\\Project1.vcxproj","ProjectConfiguration":"Debug","Platform":"Win32","SolutionConfiguration":"Debug|x86","StartedAt":"2017-02-23T18:19:55.9847553+03:00","Duration":"00:00:00.7163399","Successful":true}],"IDESessionUUID":"8f80a55a-0eb6-4ff7-ac07-303dc1214f63","KaVEVersion":"0.1015-Default","TriggeredAt":"2017-02-23T18:19:55.9691262+03:00","TriggeredBy":0,"Duration":"00:00:00.7632178","ActiveWindow":"0Win:vsWindowTypeOutput Output"}