{"$type":"KaVE.Commons.Model.Events.VisualStudio.EditEvent, KaVE.Commons","Context2":{"$type":"KaVE.Commons.Model.Events.CompletionEvents.Context, KaVE.Commons","TypeShape":{"$type":"KaVE.Commons.Model.TypeShapes.TypeShape, KaVE.Commons","TypeHierarchy":{"$type":"KaVE.Commons.Model.TypeShapes.TypeHierarchy, KaVE.Commons","Element":"0T:?","Implements":[]},"NestedTypes":[],"Delegates":[],"EventHierarchies":[],"Fields":[],"MethodHierarchies":[],"PropertyHierarchies":[]},"SST":{"$type":"[SST:SST]","EnclosingType":"0T:?","Fields":[],"Properties":[],"Methods":[],"Events":[],"Delegates":[]}},"NumberOfChanges":3,"SizeOfChanges":306,"IDESessionUUID":"8f80a55a-0eb6-4ff7-ac07-303dc1214f63","KaVEVersion":"0.1015-Default","TriggeredAt":"2017-02-23T18:19:56.1849375+03:00","TriggeredBy":0,"Duration":"00:00:02.2473453","ActiveWindow":"0Win:vsWindowTypeOutput Output"}