{"$type":"KaVE.Commons.Model.Events.VisualStudio.BuildEvent, KaVE.Commons","Scope":"vsBuildScopeProject","Action":"vsBuildActionBuild","Targets":[{"$type":"KaVE.Commons.Model.Events.VisualStudio.BuildTarget, KaVE.Commons","Project":"Project1\\Project1.vcxproj","ProjectConfiguration":"Debug","Platform":"Win32","SolutionConfiguration":"Debug|x86","StartedAt":"2017-02-23T18:37:30.9634627+03:00","Duration":"00:00:01.6502675","Successful":true}],"IDESessionUUID":"8f80a55a-0eb6-4ff7-ac07-303dc1214f63","KaVEVersion":"0.1015-Default","TriggeredAt":"2017-02-23T18:37:30.9624618+03:00","TriggeredBy":0,"Duration":"00:00:01.6752848","ActiveWindow":"0Win:vsWindowTypeOutput Output","ActiveDocument":"0Doc:C/C++ \\Project1\\main.c"}